[{"patientId":"p101","patientName":"Sahana K","pAge":"20","pAddress":"S R street,Ballari","pDepartment":"Cardilogy","phno":"8987734786","date":"20/11/2020"},{"patientId":"p102","patientName":"Seetha","pAge":"21","pAddress":"Kuvempu Nagar,Bangalore","pDepartment":"Cardiology","phno":"8987739345","date":"05/11/2020"},{"patientId":"p103","patientName":"Vishnu","pAge":"19","pAddress":"Bapuji Nagar,Bombay","pDepartment":"Cardiology","phno":"9456788767","date":"05/11/2020"},{"patientId":"p104","patientName":"Harish","pAge":"30","pAddress":"Hootagali,Pune","pDepartment":"Maternity","phno":"8776957643","date":"06/11/2020"},{"patientId":"p105","patientName":"Kishore","pAge":"35","pAddress":"Kurnool","pDepartment":"Accidents","phno":"7899546788","date":"06/11/2020"},{"patientId":"p106","patientName":"Lakshmi","pAge":"40","pAddress":"Mysore","pDepartment":"General-Surgery","phno":"8967584938","date":"07/11/2020"},{"patientId":"p110","patientName":"saaaana","pAge":"20","pAddress":"Ballari","pDepartment":"General-Surgery","phno":"7890876543","date":"2020-11-25"}]